Product_Id,Product_Weight,Product_Sugar_Content,Product_Allocated_Area,Product_Type,Product_MRP,Store_Id,Store_Establishment_Year,Store_Size,Store_Location_City_Type,Store_Type,Product_Store_Sales_Total
FD1836,12.5,Low Sugar,0.066,Fruits and Vegetables,120.18,OUT004,2009,Medium,Tier 2,Supermarket Type2,2870.22
FD5551,10.55,Regular,0.08,Snack Foods,94.69,OUT002,1998,Small,Tier 3,Food Mart,1908.09
FD2613,15.87,Low Sugar,0.058,Fruits and Vegetables,169.17,OUT001,1987,High,Tier 2,Supermarket Type1,4632.36
FD4884,9.92,Regular,0.033,Canned,129.55,OUT001,1987,High,Tier 2,Supermarket Type1,2477.23
FD6666,11.15,Low Sugar,0.117,Meat,118.02,OUT004,2009,Medium,Tier 2,Supermarket Type2,2520.52
NC3500,17.33,No Sugar,0.038,Health and Hygiene,195.06,OUT003,1999,Medium,Tier 1,Departmental Store,5492.55
FD2213,13.74,Low Sugar,0.04,Canned,186.96,OUT001,1987,High,Tier 2,Supermarket Type1,4515.79
FD6120,13.57,Regular,0.171,Canned,149.05,OUT004,2009,Medium,Tier 2,Supermarket Type2,3701.19
FD6092,15.99,Regular,0.089,Snack Foods,211.19,OUT003,1999,Medium,Tier 1,Departmental Store,5520.9
FD6207,12.26,Low Sugar,0.058,Fruits and Vegetables,132.85,OUT004,2009,Medium,Tier 2,Supermarket Type2,3074.25
NC6397,14.24,No Sugar,0.098,Others,141.9,OUT004,2009,Medium,Tier 2,Supermarket Type2,3707.77
NC513,11.63,No Sugar,0.011,Health and Hygiene,144.47,OUT004,2009,Medium,Tier 2,Supermarket Type2,2918.24
FD4484,9.0,Low Sugar,0.073,Meat,99.65,OUT002,1998,Small,Tier 3,Food Mart,1658.58
FD2812,13.31,Low Sugar,0.012,Meat,193.19,OUT001,1987,High,Tier 2,Supermarket Type1,4545.39
NC6250,14.25,No Sugar,0.014,Household,135.66,OUT004,2009,Medium,Tier 2,Supermarket Type2,3581.44
FD8171,17.05,Low Sugar,0.051,Fruits and Vegetables,175.44,OUT003,1999,Medium,Tier 1,Departmental Store,5028.95
FD6544,10.86,Regular,0.1,Baking Goods,130.03,OUT004,2009,Medium,Tier 2,Supermarket Type2,2700.83
FD2039,12.23,Low Sugar,0.028,Baking Goods,165.24,OUT004,2009,Medium,Tier 2,Supermarket Type2,3730.58
FD5838,10.91,Low Sugar,0.056,Meat,106.68,OUT002,1998,Small,Tier 3,Food Mart,2233.56
FD1697,13.02,Regular,0.053,Frozen Foods,150.46,OUT004,2009,Medium,Tier 2,Supermarket Type2,3605.57
NC2929,12.1,No Sugar,0.009,Others,183.08,OUT001,1987,High,Tier 2,Supermarket Type1,4066.38
FD8642,15.49,Low Sugar,0.04,Meat,216.04,OUT003,1999,Medium,Tier 1,Departmental Store,5507.15
FD664,13.01,Low Sugar,0.121,Snack Foods,166.37,OUT004,2009,Medium,Tier 2,Supermarket Type2,3930.17
NC2467,12.97,No Sugar,0.025,Household,114.48,OUT004,2009,Medium,Tier 2,Supermarket Type2,2858.59
FD7092,7.3,Low Sugar,0.041,Dairy,125.09,OUT002,1998,Small,Tier 3,Food Mart,1795.0
NC5059,15.75,No Sugar,0.043,Household,128.82,OUT004,2009,Medium,Tier 2,Supermarket Type2,3780.15
DR6318,11.0,Regular,0.078,Soft Drinks,167.49,OUT004,2009,Medium,Tier 2,Supermarket Type2,3498.89
FD2611,16.11,Low Sugar,0.039,Canned,183.43,OUT003,1999,Medium,Tier 1,Departmental Store,4980.03
FD8628,10.96,Low Sugar,0.109,Dairy,130.68,OUT004,2009,Medium,Tier 2,Supermarket Type2,2737.2
FD7524,16.22,Low Sugar,0.019,Seafood,162.84,OUT001,1987,High,Tier 2,Supermarket Type1,4582.53
FD5702,11.82,Regular,0.047,Meat,76.55,OUT002,1998,Small,Tier 3,Food Mart,1823.47
FD4241,11.85,Low Sugar,0.112,Snack Foods,181.27,OUT004,2009,Medium,Tier 2,Supermarket Type2,3972.18
NC5369,10.86,No Sugar,0.151,Health and Hygiene,90.61,OUT002,1998,Small,Tier 3,Food Mart,1893.65
FD2931,13.1,Regular,0.041,Fruits and Vegetables,124.94,OUT004,2009,Medium,Tier 2,Supermarket Type2,3102.7
NC4977,15.34,No Sugar,0.082,Health and Hygiene,163.08,OUT003,1999,Medium,Tier 1,Departmental Store,4388.84
NC1537,10.54,No Sugar,0.138,Health and Hygiene,111.69,OUT002,1998,Small,Tier 3,Food Mart,2252.34
FD5268,13.3,Regular,0.053,Snack Foods,161.25,OUT004,2009,Medium,Tier 2,Supermarket Type2,3890.89
FD4005,9.73,Regular,0.06,Fruits and Vegetables,104.76,OUT002,1998,Small,Tier 3,Food Mart,1928.3
FD8028,11.59,Regular,0.035,Canned,96.26,OUT002,1998,Small,Tier 3,Food Mart,2175.23
FD8690,8.74,Regular,0.151,Breads,133.71,OUT002,1998,Small,Tier 3,Food Mart,2297.15
FD5790,13.49,Low Sugar,0.071,Breakfast,145.6,OUT004,2009,Medium,Tier 2,Supermarket Type2,3613.53
FD2365,11.62,Low Sugar,0.038,Fruits and Vegetables,155.09,OUT004,2009,Medium,Tier 2,Supermarket Type2,3383.94
FD3596,14.53,Regular,0.14,Snack Foods,154.61,OUT001,1987,High,Tier 2,Supermarket Type1,4033.58
FD3736,13.08,Low Sugar,0.044,Frozen Foods,114.66,OUT004,2009,Medium,Tier 2,Supermarket Type2,2888.39
FD8020,13.0,Regular,0.054,Fruits and Vegetables,166.75,OUT004,2009,Medium,Tier 2,Supermarket Type2,3934.53
FD5776,15.29,Low Sugar,0.105,Dairy,166.6,OUT003,1999,Medium,Tier 1,Departmental Store,4448.61
FD230,19.37,Low Sugar,0.099,Snack Foods,226.76,OUT003,1999,Medium,Tier 1,Departmental Store,5961.77
NC4835,10.39,No Sugar,0.012,Health and Hygiene,101.82,OUT002,1998,Small,Tier 3,Food Mart,2016.07
FD6344,11.59,Low Sugar,0.009,Fruits and Vegetables,170.3,OUT004,2009,Medium,Tier 2,Supermarket Type2,3690.29
FD6313,14.47,reg,0.024,Meat,191.08,OUT001,1987,High,Tier 2,Supermarket Type1,4764.56
FD5486,14.78,Low Sugar,0.039,Canned,212.84,OUT003,1999,Medium,Tier 1,Departmental Store,5280.86
NC3635,13.73,No Sugar,0.015,Health and Hygiene,100.56,OUT004,2009,Medium,Tier 2,Supermarket Type2,2746.16
DR2222,11.14,Regular,0.1,Soft Drinks,107.07,OUT002,1998,Small,Tier 3,Food Mart,2294.76
FD511,13.33,Low Sugar,0.015,Snack Foods,147.52,OUT004,2009,Medium,Tier 2,Supermarket Type2,2923.53
FD6509,15.73,Low Sugar,0.089,Starchy Foods,173.7,OUT001,1987,High,Tier 2,Supermarket Type1,4695.38
FD5803,12.56,Low Sugar,0.062,Frozen Foods,160.78,OUT004,2009,Medium,Tier 2,Supermarket Type2,3713.65
NC4277,14.98,No Sugar,0.14,Household,187.98,OUT001,1987,High,Tier 2,Supermarket Type1,4817.14
FD4160,11.28,Low Sugar,0.032,Snack Foods,159.45,OUT004,2009,Medium,Tier 2,Supermarket Type2,3396.59
NC5631,11.81,No Sugar,0.104,Household,150.43,OUT004,2009,Medium,Tier 2,Supermarket Type2,3332.07
FD8639,9.03,Low Sugar,0.021,Frozen Foods,119.89,OUT002,1998,Small,Tier 3,Food Mart,2080.01
FD7138,14.67,Low Sugar,0.02,Dairy,143.9,OUT004,2009,Medium,Tier 2,Supermarket Type2,3845.01
FD707,11.15,Low Sugar,0.189,Canned,154.86,OUT004,2009,Medium,Tier 2,Supermarket Type2,3273.72
FD2014,16.46,Low Sugar,0.112,Breakfast,192.12,OUT003,1999,Medium,Tier 1,Departmental Store,5235.57
FD7394,9.52,Low Sugar,0.113,Baking Goods,85.56,OUT002,1998,Small,Tier 3,Food Mart,1486.47
NC2707,9.74,No Sugar,0.148,Household,136.46,OUT004,2009,Medium,Tier 2,Supermarket Type2,2577.84
FD6681,8.02,Regular,0.021,Meat,138.84,OUT002,1998,Small,Tier 3,Food Mart,2238.36
FD7814,16.34,Regular,0.112,Fruits and Vegetables,184.46,OUT003,1999,Medium,Tier 1,Departmental Store,5051.69
FD781,11.62,Low Sugar,0.059,Canned,144.32,OUT004,2009,Medium,Tier 2,Supermarket Type2,3163.43
DR5928,16.59,Low Sugar,0.053,Soft Drinks,206.71,OUT003,1999,Medium,Tier 1,Departmental Store,5563.65
FD184,11.18,Low Sugar,0.042,Dairy,115.08,OUT001,1987,High,Tier 2,Supermarket Type1,4047.09
FD803,13.77,Low Sugar,0.161,Baking Goods,109.65,OUT004,2009,Medium,Tier 2,Supermarket Type2,2940.88
FD1318,14.42,Low Sugar,0.132,Snack Foods,118.52,OUT004,2009,Medium,Tier 2,Supermarket Type2,3268.22
FD71,9.44,Low Sugar,0.038,Fruits and Vegetables,136.96,OUT004,2009,Medium,Tier 2,Supermarket Type2,3552.87
FD2474,12.61,Low Sugar,0.04,Baking Goods,169.83,OUT004,2009,Medium,Tier 2,Supermarket Type2,3910.0
FD4454,14.15,Low Sugar,0.014,Fruits and Vegetables,169.94,OUT003,1999,Medium,Tier 1,Departmental Store,4260.86
FD5262,15.49,Regular,0.054,Meat,163.02,OUT003,1999,Medium,Tier 1,Departmental Store,4421.94
DR1292,10.38,Regular,0.03,Soft Drinks,109.52,OUT002,1998,Small,Tier 3,Food Mart,2172.25
FD4575,14.11,Low Sugar,0.029,Fruits and Vegetables,186.12,OUT001,1987,High,Tier 2,Supermarket Type1,4581.85
FD8697,10.08,Low Sugar,0.026,Snack Foods,98.23,OUT002,1998,Small,Tier 3,Food Mart,1872.35
FD7775,13.65,Low Sugar,0.09,Dairy,184.25,OUT003,1999,Medium,Tier 1,Departmental Store,4440.59
FD399,13.93,Regular,0.006,Snack Foods,155.02,OUT004,2009,Medium,Tier 2,Supermarket Type2,4646.23
DR5445,14.53,Low Sugar,0.013,Soft Drinks,110.97,OUT004,2009,Medium,Tier 2,Supermarket Type2,3139.43
FD6906,12.85,Low Sugar,0.112,Snack Foods,154.57,OUT004,2009,Medium,Tier 2,Supermarket Type2,3651.71
FD7414,12.16,Low Sugar,0.149,Canned,132.5,OUT004,2009,Medium,Tier 2,Supermarket Type2,3043.63
NC4935,13.97,No Sugar,0.105,Household,160.54,OUT001,1987,High,Tier 2,Supermarket Type1,4028.41
FD4275,11.75,Low Sugar,0.055,Fruits and Vegetables,180.2,OUT004,2009,Medium,Tier 2,Supermarket Type2,3927.26
FD6430,10.99,Low Sugar,0.057,Snack Foods,140.77,OUT004,2009,Medium,Tier 2,Supermarket Type2,2949.75
FD5356,10.17,Low Sugar,0.005,Snack Foods,149.66,OUT004,2009,Medium,Tier 2,Supermarket Type2,2947.09
FD4697,12.4,Regular,0.122,Snack Foods,132.64,OUT004,2009,Medium,Tier 2,Supermarket Type2,3101.99
DR6038,9.09,Low Sugar,0.081,Soft Drinks,82.27,OUT002,1998,Small,Tier 3,Food Mart,1322.63
FD2582,10.43,Regular,0.047,Fruits and Vegetables,118.94,OUT001,1987,High,Tier 2,Supermarket Type1,2376.66
FD4786,13.06,Low Sugar,0.023,Frozen Foods,159.64,OUT004,2009,Medium,Tier 2,Supermarket Type2,3804.16
NC6701,12.39,No Sugar,0.021,Household,118.51,OUT004,2009,Medium,Tier 2,Supermarket Type2,2810.58
NC2247,10.64,No Sugar,0.034,Health and Hygiene,123.88,OUT004,2009,Medium,Tier 2,Supermarket Type2,2524.16
FD1554,14.91,Regular,0.037,Snack Foods,182.95,OUT001,1987,High,Tier 2,Supermarket Type1,4697.83
NC3173,8.32,No Sugar,0.233,Health and Hygiene,128.89,OUT002,1998,Small,Tier 3,Food Mart,2102.35
FD1931,10.83,Regular,0.014,Meat,178.78,OUT004,2009,Medium,Tier 2,Supermarket Type2,3690.18
FD7282,13.43,Regular,0.123,Fruits and Vegetables,133.58,OUT004,2009,Medium,Tier 2,Supermarket Type2,3354.74
DR3802,15.35,Regular,0.081,Soft Drinks,162.2,OUT003,1999,Medium,Tier 1,Departmental Store,4372.2
FD6358,18.33,Regular,0.057,Baking Goods,166.37,OUT003,1999,Medium,Tier 1,Departmental Store,5132.64
FD2255,15.22,Regular,0.015,Fruits and Vegetables,158.64,OUT003,1999,Medium,Tier 1,Departmental Store,4271.53
NC3436,11.43,No Sugar,0.042,Household,179.39,OUT004,2009,Medium,Tier 2,Supermarket Type2,3839.75
FD8265,15.83,Regular,0.122,Fruits and Vegetables,155.41,OUT003,1999,Medium,Tier 1,Departmental Store,4343.19
FD7503,9.81,Regular,0.129,Dairy,92.15,OUT002,1998,Small,Tier 3,Food Mart,1687.0
FD8632,14.74,Low Sugar,0.037,Snack Foods,129.17,OUT004,2009,Medium,Tier 2,Supermarket Type2,3558.7
DR3877,11.27,Low Sugar,0.123,Hard Drinks,116.22,OUT004,2009,Medium,Tier 2,Supermarket Type2,2509.49
FD637,12.14,Low Sugar,0.154,Baking Goods,132.23,OUT004,2009,Medium,Tier 2,Supermarket Type2,3033.74
NC691,12.92,No Sugar,0.139,Health and Hygiene,165.21,OUT004,2009,Medium,Tier 2,Supermarket Type2,3886.78
FD4368,8.05,Regular,0.018,Dairy,120.86,OUT002,1998,Small,Tier 3,Food Mart,1877.48
FD6093,12.7,Regular,0.034,Meat,178.53,OUT001,1987,High,Tier 2,Supermarket Type1,4108.21
FD7321,13.52,Regular,0.14,Dairy,139.07,OUT004,2009,Medium,Tier 2,Supermarket Type2,3486.32
FD308,14.11,Low Sugar,0.078,Baking Goods,131.65,OUT004,2009,Medium,Tier 2,Supermarket Type2,4412.79
FD4906,14.02,Low Sugar,0.128,Meat,195.0,OUT001,1987,High,Tier 2,Supermarket Type1,4743.07
FD5267,14.2,Low Sugar,0.018,Meat,146.52,OUT004,2009,Medium,Tier 2,Supermarket Type2,3792.48
FD4853,13.17,Low Sugar,0.085,Snack Foods,147.32,OUT004,2009,Medium,Tier 2,Supermarket Type2,3576.32
FD6045,12.18,Low Sugar,0.027,Frozen Foods,161.55,OUT004,2009,Medium,Tier 2,Supermarket Type2,3643.45
FD6743,13.9,Low Sugar,0.035,Fruits and Vegetables,118.48,OUT004,2009,Medium,Tier 2,Supermarket Type2,3151.8
FD5613,14.19,Low Sugar,0.08,Fruits and Vegetables,143.34,OUT004,2009,Medium,Tier 2,Supermarket Type2,3724.87
FD429,11.0,Low Sugar,0.038,Fruits and Vegetables,100.66,OUT002,1998,Small,Tier 3,Food Mart,1890.1
NC4092,13.94,No Sugar,0.04,Health and Hygiene,145.02,OUT004,2009,Medium,Tier 2,Supermarket Type2,3703.09
FD57,12.95,Low Sugar,0.039,Frozen Foods,164.93,OUT004,2009,Medium,Tier 2,Supermarket Type2,1861.39
FD241,13.23,Low Sugar,0.072,Baking Goods,131.62,OUT004,2009,Medium,Tier 2,Supermarket Type2,2986.38
NC8168,14.78,No Sugar,0.054,Health and Hygiene,135.47,OUT004,2009,Medium,Tier 2,Supermarket Type2,3697.92
NC8013,13.84,No Sugar,0.076,Household,167.8,OUT001,1987,High,Tier 2,Supermarket Type1,4145.46
FD6121,12.78,Low Sugar,0.169,Snack Foods,152.33,OUT004,2009,Medium,Tier 2,Supermarket Type2,3589.82
NC7538,14.65,No Sugar,0.037,Household,167.96,OUT003,1999,Medium,Tier 1,Departmental Store,4333.48
FD782,15.09,Regular,0.133,Snack Foods,185.61,OUT001,1987,High,Tier 2,Supermarket Type1,4794.28
FD3075,9.89,Low Sugar,0.038,Fruits and Vegetables,117.74,OUT002,1998,Small,Tier 3,Food Mart,2230.43
FD1941,12.44,Low Sugar,0.047,Baking Goods,159.73,OUT004,2009,Medium,Tier 2,Supermarket Type2,3664.91
NC6730,16.57,No Sugar,0.062,Health and Hygiene,214.52,OUT003,1999,Medium,Tier 1,Departmental Store,5719.47
FD1188,9.38,Regular,0.053,Fruits and Vegetables,118.33,OUT002,1998,Small,Tier 3,Food Mart,2126.45
FD1845,10.6,Low Sugar,0.053,Fruits and Vegetables,141.22,OUT004,2009,Medium,Tier 2,Supermarket Type2,2869.75
FD4462,9.5,Low Sugar,0.01,Snack Foods,111.24,OUT002,1998,Small,Tier 3,Food Mart,2008.6
NC1176,9.57,No Sugar,0.017,Household,157.73,OUT004,2009,Medium,Tier 2,Supermarket Type2,2974.97
FD4190,13.65,Regular,0.038,Canned,143.94,OUT004,2009,Medium,Tier 2,Supermarket Type2,3614.76
FD5952,9.63,Regular,0.035,Fruits and Vegetables,62.64,OUT002,1998,Small,Tier 3,Food Mart,1044.19
NC2775,15.45,No Sugar,0.036,Household,166.22,OUT003,1999,Medium,Tier 1,Departmental Store,4476.99
FD6925,10.72,Regular,0.113,Baking Goods,158.26,OUT004,2009,Medium,Tier 2,Supermarket Type2,3247.04
FD5662,11.98,Low Sugar,0.093,Canned,153.94,OUT004,2009,Medium,Tier 2,Supermarket Type2,3441.52
FD6607,12.58,Low Sugar,0.184,Fruits and Vegetables,166.09,OUT004,2009,Medium,Tier 2,Supermarket Type2,3827.84
FD5121,10.85,Low Sugar,0.049,Dairy,141.07,OUT004,2009,Medium,Tier 2,Supermarket Type2,2923.89
FD2563,9.13,Low Sugar,0.175,Canned,144.27,OUT004,2009,Medium,Tier 2,Supermarket Type2,2600.25
FD6417,13.6,Low Sugar,0.017,Fruits and Vegetables,159.2,OUT004,2009,Medium,Tier 2,Supermarket Type2,3915.2
FD7295,10.86,Low Sugar,0.041,Meat,154.43,OUT004,2009,Medium,Tier 2,Supermarket Type2,3198.65
FD577,13.1,Low Sugar,0.085,Fruits and Vegetables,219.68,OUT003,1999,Medium,Tier 1,Departmental Store,5106.17
NC5798,15.39,No Sugar,0.006,Others,179.95,OUT001,1987,High,Tier 2,Supermarket Type1,4744.98
FD207,13.78,Low Sugar,0.081,Frozen Foods,124.38,OUT002,1998,Small,Tier 3,Food Mart,516.91
FD3450,14.89,Regular,0.131,Canned,171.17,OUT003,1999,Medium,Tier 1,Departmental Store,4451.93
FD6719,7.15,Low Sugar,0.028,Snack Foods,139.85,OUT002,1998,Small,Tier 3,Food Mart,2063.65
NC809,14.38,No Sugar,0.028,Household,179.28,OUT001,1987,High,Tier 2,Supermarket Type1,4504.13
FD351,13.29,Low Sugar,0.128,Fruits and Vegetables,192.34,OUT002,1998,Small,Tier 3,Food Mart,1120.76
FD3597,8.48,Low Sugar,0.019,Frozen Foods,134.6,OUT002,1998,Small,Tier 3,Food Mart,2255.29
NC1640,15.1,No Sugar,0.113,Others,201.12,OUT003,1999,Medium,Tier 1,Departmental Store,5112.84
FD595,13.12,Low Sugar,0.227,Snack Foods,128.71,OUT002,1998,Small,Tier 3,Food Mart,1459.49
DR7304,11.62,Low Sugar,0.014,Hard Drinks,140.0,OUT004,2009,Medium,Tier 2,Supermarket Type2,3076.39
FD3724,12.68,Low Sugar,0.11,Breads,187.42,OUT003,1999,Medium,Tier 1,Departmental Store,4285.55
NC8310,13.63,No Sugar,0.035,Health and Hygiene,194.16,OUT001,1987,High,Tier 2,Supermarket Type1,4638.82
FD7792,12.97,Regular,0.131,Fruits and Vegetables,174.0,OUT001,1987,High,Tier 2,Supermarket Type1,4075.66
FD1421,15.51,Regular,0.107,Baking Goods,208.1,OUT003,1999,Medium,Tier 1,Departmental Store,5349.73
FD961,13.32,Low Sugar,0.092,Fruits and Vegetables,129.5,OUT004,2009,Medium,Tier 2,Supermarket Type2,3245.63
FD6588,16.63,Low Sugar,0.099,Breads,191.04,OUT003,1999,Medium,Tier 1,Departmental Store,5252.45
FD1384,10.81,Regular,0.027,Frozen Foods,166.85,OUT004,2009,Medium,Tier 2,Supermarket Type2,3441.73
FD4514,7.96,Low Sugar,0.027,Frozen Foods,126.91,OUT002,1998,Small,Tier 3,Food Mart,1980.89
FD6132,14.81,Low Sugar,0.122,Snack Foods,197.96,OUT001,1987,High,Tier 2,Supermarket Type1,4983.27
FD1536,15.5,Low Sugar,0.03,Canned,151.87,OUT001,1987,High,Tier 2,Supermarket Type1,4195.92
FD2422,13.61,Low Sugar,0.036,Snack Foods,136.92,OUT004,2009,Medium,Tier 2,Supermarket Type2,3462.97
FD6039,11.99,Regular,0.091,Breads,176.49,OUT004,2009,Medium,Tier 2,Supermarket Type2,3906.85
NC257,12.06,No Sugar,0.048,Health and Hygiene,151.07,OUT004,2009,Medium,Tier 2,Supermarket Type2,3696.17
FD560,8.53,Regular,0.066,Fruits and Vegetables,85.88,OUT003,1999,Medium,Tier 1,Departmental Store,5065.7
FD3729,12.95,Regular,0.114,Baking Goods,134.98,OUT004,2009,Medium,Tier 2,Supermarket Type2,3272.89
FD2071,15.72,Regular,0.026,Canned,160.45,OUT003,1999,Medium,Tier 1,Departmental Store,4421.4
FD4323,13.91,Low Sugar,0.13,Fruits and Vegetables,193.95,OUT001,1987,High,Tier 2,Supermarket Type1,4698.38
FD4610,11.32,Regular,0.112,Snack Foods,120.45,OUT004,2009,Medium,Tier 2,Supermarket Type2,2608.03
FD4155,13.18,Low Sugar,0.119,Baking Goods,145.25,OUT004,2009,Medium,Tier 2,Supermarket Type2,3535.35
FD422,11.1,Regular,0.085,Baking Goods,120.36,OUT004,2009,Medium,Tier 2,Supermarket Type2,5114.13
FD6553,13.54,Regular,0.103,Frozen Foods,99.24,OUT004,2009,Medium,Tier 2,Supermarket Type2,2675.79
NC7323,13.58,No Sugar,0.022,Household,145.46,OUT004,2009,Medium,Tier 2,Supermarket Type2,3630.44
NC5258,12.13,No Sugar,0.067,Health and Hygiene,171.71,OUT004,2009,Medium,Tier 2,Supermarket Type2,3840.72
FD5774,8.66,Low Sugar,0.039,Fruits and Vegetables,147.65,OUT004,2009,Medium,Tier 2,Supermarket Type2,2563.89
NC2743,11.69,No Sugar,0.142,Household,115.05,OUT004,2009,Medium,Tier 2,Supermarket Type2,2580.96
FD6321,13.67,Low Sugar,0.055,Meat,125.03,OUT004,2009,Medium,Tier 2,Supermarket Type2,3233.44
FD7973,13.52,Low Sugar,0.036,Fruits and Vegetables,77.36,OUT002,1998,Small,Tier 3,Food Mart,2222.64
FD4540,11.16,Low Sugar,0.129,Meat,97.84,OUT002,1998,Small,Tier 3,Food Mart,2110.05
FD1069,13.88,Low Sugar,0.033,Baking Goods,179.07,OUT003,1999,Medium,Tier 1,Departmental Store,4385.76
FD4892,9.54,Low Sugar,0.017,Canned,131.99,OUT001,1987,High,Tier 2,Supermarket Type1,2441.45
FD8520,7.25,Regular,0.009,Snack Foods,145.16,OUT002,1998,Small,Tier 3,Food Mart,2193.16
DR1426,17.01,Low Sugar,0.104,Soft Drinks,174.86,OUT003,1999,Medium,Tier 1,Departmental Store,5007.12
FD6148,9.75,Regular,0.073,Frozen Foods,144.78,OUT004,2009,Medium,Tier 2,Supermarket Type2,2751.86
DR7851,10.54,Regular,0.049,Soft Drinks,151.98,OUT004,2009,Medium,Tier 2,Supermarket Type2,3077.93
NC3563,13.23,No Sugar,0.047,Household,170.95,OUT001,1987,High,Tier 2,Supermarket Type1,4072.25
NC4715,11.73,No Sugar,0.042,Household,166.45,OUT004,2009,Medium,Tier 2,Supermarket Type2,3642.81
FD2205,13.59,Regular,0.131,Fruits and Vegetables,223.98,OUT003,1999,Medium,Tier 1,Departmental Store,5239.41
FD7159,13.42,Low Sugar,0.076,Baking Goods,177.88,OUT003,1999,Medium,Tier 1,Departmental Store,4257.32
FD2760,13.4,Low Sugar,0.112,Fruits and Vegetables,138.94,OUT004,2009,Medium,Tier 2,Supermarket Type2,3457.51
FD4068,10.31,Low Sugar,0.054,Frozen Foods,111.08,OUT002,1998,Small,Tier 3,Food Mart,2188.81
FD240,13.48,Low Sugar,0.066,Dairy,155.95,OUT004,2009,Medium,Tier 2,Supermarket Type2,2703.72
NC4018,10.53,No Sugar,0.019,Household,171.63,OUT004,2009,Medium,Tier 2,Supermarket Type2,3476.82
FD5480,13.21,Regular,0.019,Baking Goods,164.45,OUT004,2009,Medium,Tier 2,Supermarket Type2,3936.0
FD5619,14.45,Regular,0.021,Dairy,196.06,OUT001,1987,High,Tier 2,Supermarket Type1,4863.67
NC438,10.4,No Sugar,0.076,Health and Hygiene,150.81,OUT004,2009,Medium,Tier 2,Supermarket Type2,3943.23
FD7443,9.55,Low Sugar,0.127,Dairy,121.5,OUT002,1998,Small,Tier 3,Food Mart,2228.55
FD3149,17.21,Low Sugar,0.033,Fruits and Vegetables,199.57,OUT003,1999,Medium,Tier 1,Departmental Store,5558.43
FD1053,15.71,Regular,0.053,Frozen Foods,140.71,OUT001,1987,High,Tier 2,Supermarket Type1,4015.69
NC3485,11.54,No Sugar,0.182,Health and Hygiene,135.38,OUT004,2009,Medium,Tier 2,Supermarket Type2,2962.54
FD6116,14.96,Low Sugar,0.062,Dairy,250.14,OUT003,1999,Medium,Tier 1,Departmental Store,6083.39
FD8606,14.1,Regular,0.031,Meat,155.49,OUT004,2009,Medium,Tier 2,Supermarket Type2,3953.57
FD2659,14.23,Low Sugar,0.046,Snack Foods,107.34,OUT004,2009,Medium,Tier 2,Supermarket Type2,2997.33
NC3317,12.21,No Sugar,0.061,Household,158.79,OUT004,2009,Medium,Tier 2,Supermarket Type2,3594.43
FD3393,10.2,Low Sugar,0.088,Snack Foods,92.62,OUT002,1998,Small,Tier 3,Food Mart,1785.64
FD2698,14.21,Low Sugar,0.025,Snack Foods,175.34,OUT003,1999,Medium,Tier 1,Departmental Store,4384.94
FD8128,13.94,Low Sugar,0.073,Dairy,165.92,OUT001,1987,High,Tier 2,Supermarket Type1,4130.36
FD8092,12.23,Low Sugar,0.184,Dairy,138.03,OUT004,2009,Medium,Tier 2,Supermarket Type2,3173.89
FD665,14.86,Regular,0.025,Baking Goods,183.69,OUT001,1987,High,Tier 2,Supermarket Type1,4702.33
FD1809,13.14,Low Sugar,0.019,Fruits and Vegetables,119.61,OUT004,2009,Medium,Tier 2,Supermarket Type2,3002.57
FD8109,11.67,Low Sugar,0.075,Frozen Foods,77.24,OUT002,1998,Small,Tier 3,Food Mart,1804.16
FD4076,11.15,Regular,0.058,Canned,101.35,OUT002,1998,Small,Tier 3,Food Mart,2178.37
FD6026,7.16,Low Sugar,0.021,Frozen Foods,103.64,OUT002,1998,Small,Tier 3,Food Mart,1323.37
FD5847,10.22,Low Sugar,0.123,Dairy,130.98,OUT004,2009,Medium,Tier 2,Supermarket Type2,2575.65
FD7194,11.41,Low Sugar,0.019,Fruits and Vegetables,134.69,OUT004,2009,Medium,Tier 2,Supermarket Type2,2919.55
FD6803,13.58,Low Sugar,0.113,Starchy Foods,87.17,OUT001,1987,High,Tier 2,Supermarket Type1,2437.49
FD7521,14.14,Low Sugar,0.011,Baking Goods,159.49,OUT001,1987,High,Tier 2,Supermarket Type1,4045.4
FD7776,12.7,Regular,0.076,Meat,107.86,OUT004,2009,Medium,Tier 2,Supermarket Type2,2663.33
FD477,10.19,Low Sugar,0.021,Dairy,113.5,OUT001,1987,High,Tier 2,Supermarket Type1,2576.85
FD7865,14.16,Low Sugar,0.01,Starchy Foods,139.42,OUT004,2009,Medium,Tier 2,Supermarket Type2,3638.13
FD8410,14.98,Low Sugar,0.098,Breads,133.58,OUT004,2009,Medium,Tier 2,Supermarket Type2,3704.74
FD8141,14.09,Low Sugar,0.046,Meat,150.12,OUT004,2009,Medium,Tier 2,Supermarket Type2,3840.71
NC4386,8.94,No Sugar,0.039,Health and Hygiene,92.18,OUT002,1998,Small,Tier 3,Food Mart,1492.65
NC8756,11.12,No Sugar,0.137,Health and Hygiene,99.28,OUT002,1998,Small,Tier 3,Food Mart,2129.23
FD8534,14.12,Low Sugar,0.129,Baking Goods,160.41,OUT001,1987,High,Tier 2,Supermarket Type1,4058.56
FD4070,15.7,Regular,0.009,Meat,159.46,OUT003,1999,Medium,Tier 1,Departmental Store,4397.13
FD698,15.48,Low Sugar,0.012,Dairy,199.52,OUT003,1999,Medium,Tier 1,Departmental Store,5165.52
FD5291,13.98,Low Sugar,0.039,Baking Goods,164.29,OUT001,1987,High,Tier 2,Supermarket Type1,4105.35
FD70,11.71,Regular,0.103,Dairy,176.85,OUT003,1999,Medium,Tier 1,Departmental Store,5720.18
NC4287,11.94,No Sugar,0.138,Household,176.77,OUT004,2009,Medium,Tier 2,Supermarket Type2,3900.37
FD2841,10.49,Low Sugar,0.047,Baking Goods,122.86,OUT001,1987,High,Tier 2,Supermarket Type1,2468.94
FD3323,12.1,Low Sugar,0.147,Baking Goods,166.09,OUT004,2009,Medium,Tier 2,Supermarket Type2,3719.31
FD6583,14.47,Regular,0.147,Fruits and Vegetables,138.57,OUT004,2009,Medium,Tier 2,Supermarket Type2,3690.05
FD8652,12.68,Low Sugar,0.064,Fruits and Vegetables,183.73,OUT003,1999,Medium,Tier 1,Departmental Store,4209.48
FD927,11.91,Low Sugar,0.032,Fruits and Vegetables,135.88,OUT004,2009,Medium,Tier 2,Supermarket Type2,3056.99
NC2180,15.88,No Sugar,0.047,Household,180.04,OUT001,1987,High,Tier 2,Supermarket Type1,4857.42
FD7707,10.81,reg,0.144,Dairy,134.48,OUT004,2009,Medium,Tier 2,Supermarket Type2,2780.44
FD6301,11.93,Regular,0.055,Dairy,142.75,OUT004,2009,Medium,Tier 2,Supermarket Type2,3202.1
FD3550,14.86,Regular,0.027,Meat,146.48,OUT004,2009,Medium,Tier 2,Supermarket Type2,3939.83
NC3194,10.71,No Sugar,0.079,Health and Hygiene,111.89,OUT002,1998,Small,Tier 3,Food Mart,2296.12
FD5674,13.01,Low Sugar,0.077,Canned,168.09,OUT004,2009,Medium,Tier 2,Supermarket Type2,3964.78
FD6975,14.99,Regular,0.034,Meat,188.32,OUT001,1987,High,Tier 2,Supermarket Type1,4826.06
FD1754,12.09,Low Sugar,0.039,Snack Foods,171.5,OUT004,2009,Medium,Tier 2,Supermarket Type2,3826.91
FD373,9.79,Regular,0.039,Frozen Foods,154.24,OUT003,1999,Medium,Tier 1,Departmental Store,6351.25
FD4007,10.34,Low Sugar,0.292,Breakfast,81.19,OUT002,1998,Small,Tier 3,Food Mart,1584.06
FD735,6.95,Low Sugar,0.079,Canned,50.13,OUT002,1998,Small,Tier 3,Food Mart,180.86
FD1409,11.98,Regular,0.073,Fruits and Vegetables,171.04,OUT004,2009,Medium,Tier 2,Supermarket Type2,3792.49
NC6783,14.52,No Sugar,0.046,Others,186.63,OUT001,1987,High,Tier 2,Supermarket Type1,4685.6
FD1529,12.43,Regular,0.066,Baking Goods,165.24,OUT004,2009,Medium,Tier 2,Supermarket Type2,3776.27
FD2867,14.43,Low Sugar,0.106,Fruits and Vegetables,172.82,OUT003,1999,Medium,Tier 1,Departmental Store,4382.21
FD4925,10.55,Low Sugar,0.15,Frozen Foods,132.82,OUT004,2009,Medium,Tier 2,Supermarket Type2,2688.24
NC7727,11.85,No Sugar,0.128,Household,128.43,OUT004,2009,Medium,Tier 2,Supermarket Type2,2890.63
FD3730,14.95,Low Sugar,0.168,Frozen Foods,139.2,OUT004,2009,Medium,Tier 2,Supermarket Type2,3813.39
FD5999,8.76,Regular,0.062,Breakfast,149.63,OUT004,2009,Medium,Tier 2,Supermarket Type2,2627.03
NC4769,14.39,No Sugar,0.113,Health and Hygiene,155.48,OUT001,1987,High,Tier 2,Supermarket Type1,4017.84
FD3160,13.8,Low Sugar,0.021,Canned,130.88,OUT004,2009,Medium,Tier 2,Supermarket Type2,3381.43
FD2327,11.0,Regular,0.119,Baking Goods,127.96,OUT004,2009,Medium,Tier 2,Supermarket Type2,2688.75
FD7061,11.56,Low Sugar,0.188,Fruits and Vegetables,132.58,OUT004,2009,Medium,Tier 2,Supermarket Type2,2909.79
FD2757,13.98,Regular,0.27,Dairy,121.45,OUT004,2009,Medium,Tier 2,Supermarket Type2,3228.85
FD7728,10.66,Regular,0.039,Starchy Foods,108.82,OUT002,1998,Small,Tier 3,Food Mart,2221.45
FD4380,15.34,Low Sugar,0.069,Fruits and Vegetables,144.22,OUT001,1987,High,Tier 2,Supermarket Type1,4002.72
FD8120,13.95,Regular,0.046,Frozen Foods,145.36,OUT004,2009,Medium,Tier 2,Supermarket Type2,3713.12
FD5172,14.14,Regular,0.126,Meat,182.81,OUT001,1987,High,Tier 2,Supermarket Type1,4521.29
FD3826,13.24,Regular,0.071,Baking Goods,159.6,OUT004,2009,Medium,Tier 2,Supermarket Type2,3843.76
DR1957,10.23,Low Sugar,0.129,Soft Drinks,54.23,OUT002,1998,Small,Tier 3,Food Mart,1005.98
FD318,12.96,Low Sugar,0.034,Fruits and Vegetables,179.75,OUT002,1998,Small,Tier 3,Food Mart,1892.93
NC53,13.96,No Sugar,0.123,Household,164.56,OUT003,1999,Medium,Tier 1,Departmental Store,6313.22
DR8097,11.03,Low Sugar,0.093,Soft Drinks,132.08,OUT004,2009,Medium,Tier 2,Supermarket Type2,2780.72
NC2591,14.04,No Sugar,0.065,Others,189.59,OUT001,1987,High,Tier 2,Supermarket Type1,4637.59
DR1493,10.11,Low Sugar,0.026,Hard Drinks,118.72,OUT002,1998,Small,Tier 3,Food Mart,2299.63
DR3118,13.17,Low Sugar,0.055,Soft Drinks,168.8,OUT001,1987,High,Tier 2,Supermarket Type1,4015.24
FD2454,14.55,Regular,0.049,Snack Foods,203.96,OUT003,1999,Medium,Tier 1,Departmental Store,5046.33
FD4416,8.77,Low Sugar,0.139,Snack Foods,93.29,OUT002,1998,Small,Tier 3,Food Mart,1475.11
FD8199,16.82,Low Sugar,0.113,Dairy,140.14,OUT003,1999,Medium,Tier 1,Departmental Store,4253.75
FD237,14.12,Regular,0.136,Frozen Foods,177.84,OUT003,1999,Medium,Tier 1,Departmental Store,5994.95
FD3771,17.79,Regular,0.119,Baking Goods,95.09,OUT004,2009,Medium,Tier 2,Supermarket Type2,3552.09
FD673,14.7,Low Sugar,0.137,Dairy,159.86,OUT001,1987,High,Tier 2,Supermarket Type1,4177.6
FD8431,15.19,Low Sugar,0.191,Fruits and Vegetables,154.18,OUT001,1987,High,Tier 2,Supermarket Type1,4172.46
NC8276,10.82,No Sugar,0.034,Household,117.35,OUT001,1987,High,Tier 2,Supermarket Type1,2431.89
FD161,14.96,Low Sugar,0.076,Fruits and Vegetables,182.36,OUT001,1987,High,Tier 2,Supermarket Type1,3283.64
DR3821,11.42,Regular,0.01,Soft Drinks,172.12,OUT004,2009,Medium,Tier 2,Supermarket Type2,3688.46
FD4430,14.55,Regular,0.092,Fruits and Vegetables,197.58,OUT001,1987,High,Tier 2,Supermarket Type1,4917.22
FD6907,14.97,Low Sugar,0.019,Dairy,190.03,OUT001,1987,High,Tier 2,Supermarket Type1,4857.19
NC823,12.73,No Sugar,0.016,Health and Hygiene,112.75,OUT004,2009,Medium,Tier 2,Supermarket Type2,2768.4
NC3093,12.65,No Sugar,0.038,Household,137.61,OUT004,2009,Medium,Tier 2,Supermarket Type2,3258.76
NC4115,15.63,No Sugar,0.106,Household,151.5,OUT003,1999,Medium,Tier 1,Departmental Store,4218.53
NC8475,12.63,No Sugar,0.038,Household,129.35,OUT004,2009,Medium,Tier 2,Supermarket Type2,3087.3
DR6878,10.93,Low Sugar,0.013,Soft Drinks,66.73,OUT002,1998,Small,Tier 3,Food Mart,1421.47
FD2054,12.44,Low Sugar,0.045,Dairy,149.44,OUT004,2009,Medium,Tier 2,Supermarket Type2,3454.89
FD8734,15.17,Low Sugar,0.018,Frozen Foods,194.87,OUT003,1999,Medium,Tier 1,Departmental Store,5001.84
FD8468,11.06,Regular,0.051,Snack Foods,106.69,OUT002,1998,Small,Tier 3,Food Mart,2268.95
FD6887,13.0,Low Sugar,0.042,Frozen Foods,146.99,OUT004,2009,Medium,Tier 2,Supermarket Type2,3530.16
FD382,14.39,Low Sugar,0.047,Fruits and Vegetables,158.65,OUT001,1987,High,Tier 2,Supermarket Type1,3058.74
DR3012,11.97,Low Sugar,0.067,Hard Drinks,128.41,OUT004,2009,Medium,Tier 2,Supermarket Type2,2918.9
FD2963,13.31,Low Sugar,0.041,Fruits and Vegetables,153.11,OUT004,2009,Medium,Tier 2,Supermarket Type2,3726.57
DR2375,13.37,Low Sugar,0.064,Soft Drinks,143.54,OUT004,2009,Medium,Tier 2,Supermarket Type2,3543.33
FD3832,12.59,Regular,0.034,Frozen Foods,135.31,OUT004,2009,Medium,Tier 2,Supermarket Type2,3198.57
FD8207,13.45,Regular,0.057,Canned,141.55,OUT004,2009,Medium,Tier 2,Supermarket Type2,3520.81
FD7593,15.14,Low Sugar,0.051,Frozen Foods,148.7,OUT001,1987,High,Tier 2,Supermarket Type1,4050.37
FD1473,13.0,Regular,0.128,Fruits and Vegetables,160.02,OUT004,2009,Medium,Tier 2,Supermarket Type2,3797.5
FD3186,11.5,Regular,0.149,Frozen Foods,140.08,OUT004,2009,Medium,Tier 2,Supermarket Type2,3050.63
DR3745,14.92,Low Sugar,0.173,Soft Drinks,172.54,OUT003,1999,Medium,Tier 1,Departmental Store,4488.5
FD1908,11.47,Low Sugar,0.178,Meat,194.61,OUT001,1987,High,Tier 2,Supermarket Type1,4159.9
FD7150,12.49,Low Sugar,0.07,Starchy Foods,198.29,OUT003,1999,Medium,Tier 1,Departmental Store,4464.74
FD3224,12.53,Low Sugar,0.042,Dairy,165.88,OUT004,2009,Medium,Tier 2,Supermarket Type2,3811.02
FD142,12.35,Regular,0.005,Canned,157.91,OUT004,2009,Medium,Tier 2,Supermarket Type2,4345.5
FD5194,12.02,Regular,0.063,Snack Foods,120.23,OUT004,2009,Medium,Tier 2,Supermarket Type2,2762.42
FD5982,16.76,Low Sugar,0.081,Starchy Foods,169.25,OUT003,1999,Medium,Tier 1,Departmental Store,4836.45
FD5517,17.55,reg,0.094,Starchy Foods,210.79,OUT003,1999,Medium,Tier 1,Departmental Store,5864.61
FD3087,18.06,Low Sugar,0.057,Fruits and Vegetables,246.35,OUT003,1999,Medium,Tier 1,Departmental Store,6707.04
FD1256,11.83,Regular,0.046,Fruits and Vegetables,149.38,OUT004,2009,Medium,Tier 2,Supermarket Type2,3314.39
FD508,14.64,Low Sugar,0.074,Snack Foods,200.85,OUT001,1987,High,Tier 2,Supermarket Type1,2626.61
FD7756,16.4,Low Sugar,0.01,Meat,208.33,OUT003,1999,Medium,Tier 1,Departmental Store,5554.72
FD557,12.64,Low Sugar,0.021,Starchy Foods,172.89,OUT004,2009,Medium,Tier 2,Supermarket Type2,2898.86
DR2049,12.94,Low Sugar,0.028,Hard Drinks,174.83,OUT001,1987,High,Tier 2,Supermarket Type1,4086.83
FD8114,11.36,Low Sugar,0.039,Meat,138.6,OUT004,2009,Medium,Tier 2,Supermarket Type2,2989.5
FD3509,13.68,Low Sugar,0.042,Frozen Foods,129.32,OUT004,2009,Medium,Tier 2,Supermarket Type2,3322.1
FD6373,10.17,Low Sugar,0.098,Frozen Foods,74.27,OUT002,1998,Small,Tier 3,Food Mart,1402.37
DR3732,13.15,Low Sugar,0.025,Soft Drinks,159.47,OUT004,2009,Medium,Tier 2,Supermarket Type2,3820.25
NC4340,11.33,No Sugar,0.177,Health and Hygiene,103.49,OUT002,1998,Small,Tier 3,Food Mart,2262.79
DR7929,9.45,Regular,0.045,Hard Drinks,132.32,OUT001,1987,High,Tier 2,Supermarket Type1,2428.53
NC4466,12.2,No Sugar,0.1,Household,147.08,OUT004,2009,Medium,Tier 2,Supermarket Type2,3352.73
FD2265,12.54,Low Sugar,0.043,Snack Foods,160.15,OUT004,2009,Medium,Tier 2,Supermarket Type2,3697.11
NC7106,10.27,No Sugar,0.136,Household,89.17,OUT002,1998,Small,Tier 3,Food Mart,1729.69
FD3834,8.57,Low Sugar,0.112,Meat,111.78,OUT002,1998,Small,Tier 3,Food Mart,1808.35
FD2089,10.34,Low Sugar,0.05,Meat,110.02,OUT002,1998,Small,Tier 3,Food Mart,2172.45
FD3728,12.83,Low Sugar,0.068,Fruits and Vegetables,162.76,OUT004,2009,Medium,Tier 2,Supermarket Type2,3814.11
FD5797,7.42,Low Sugar,0.052,Frozen Foods,98.35,OUT002,1998,Small,Tier 3,Food Mart,1273.63
FD2774,13.56,Regular,0.017,Frozen Foods,150.12,OUT004,2009,Medium,Tier 2,Supermarket Type2,3721.56
FD2016,11.63,Low Sugar,0.027,Snack Foods,136.45,OUT004,2009,Medium,Tier 2,Supermarket Type2,3005.81
FD6076,14.09,Low Sugar,0.097,Snack Foods,206.9,OUT003,1999,Medium,Tier 1,Departmental Store,5003.35
FD2626,12.44,Low Sugar,0.061,Canned,137.09,OUT004,2009,Medium,Tier 2,Supermarket Type2,3202.79
NC1592,17.99,No Sugar,0.049,Household,174.94,OUT003,1999,Medium,Tier 1,Departmental Store,5230.35
FD8396,12.08,Low Sugar,0.011,Fruits and Vegetables,143.91,OUT004,2009,Medium,Tier 2,Supermarket Type2,3259.38
FD3251,11.59,Low Sugar,0.103,Fruits and Vegetables,127.3,OUT004,2009,Medium,Tier 2,Supermarket Type2,2809.91
FD565,13.34,Low Sugar,0.048,Frozen Foods,154.53,OUT003,1999,Medium,Tier 1,Departmental Store,5707.41
NC4951,12.79,No Sugar,0.015,Household,150.11,OUT004,2009,Medium,Tier 2,Supermarket Type2,3547.77
FD73,13.87,Low Sugar,0.045,Baking Goods,204.18,OUT003,1999,Medium,Tier 1,Departmental Store,6763.94
FD253,12.56,Low Sugar,0.092,Snack Foods,161.24,OUT004,2009,Medium,Tier 2,Supermarket Type2,5064.03
FD7502,9.19,Regular,0.046,Meat,108.36,OUT002,1998,Small,Tier 3,Food Mart,1879.58
FD1938,13.25,Low Sugar,0.046,Breakfast,146.32,OUT004,2009,Medium,Tier 2,Supermarket Type2,3572.54
FD2736,13.73,Low Sugar,0.064,Dairy,131.79,OUT004,2009,Medium,Tier 2,Supermarket Type2,3384.47
FD2112,10.27,Regular,0.014,Frozen Foods,158.01,OUT004,2009,Medium,Tier 2,Supermarket Type2,3138.69
FD4682,8.81,Low Sugar,0.015,Meat,142.71,OUT001,1987,High,Tier 2,Supermarket Type1,2495.59
DR121,10.3,Low Sugar,0.037,Soft Drinks,154.46,OUT004,2009,Medium,Tier 2,Supermarket Type2,2841.59
NC8099,10.93,No Sugar,0.083,Household,105.58,OUT002,1998,Small,Tier 3,Food Mart,2215.86
FD1877,13.76,Low Sugar,0.009,Fruits and Vegetables,134.24,OUT004,2009,Medium,Tier 2,Supermarket Type2,3440.9
NC6850,12.64,No Sugar,0.061,Health and Hygiene,160.89,OUT004,2009,Medium,Tier 2,Supermarket Type2,3734.73
FD6369,11.52,Low Sugar,0.086,Snack Foods,146.28,OUT004,2009,Medium,Tier 2,Supermarket Type2,3182.28
FD7875,10.76,Low Sugar,0.007,Baking Goods,171.82,OUT004,2009,Medium,Tier 2,Supermarket Type2,3532.18
FD2198,14.04,Regular,0.046,Snack Foods,176.28,OUT003,1999,Medium,Tier 1,Departmental Store,4365.38
FD1521,12.92,Low Sugar,0.089,Fruits and Vegetables,91.38,OUT001,1987,High,Tier 2,Supermarket Type1,2374.73
FD8368,6.82,Low Sugar,0.063,Canned,112.74,OUT002,1998,Small,Tier 3,Food Mart,1434.51
FD6649,10.43,Low Sugar,0.066,Fruits and Vegetables,129.28,OUT004,2009,Medium,Tier 2,Supermarket Type2,2588.31
DR6383,11.4,Low Sugar,0.024,Hard Drinks,113.14,OUT001,1987,High,Tier 2,Supermarket Type1,2477.46
FD7633,10.02,Regular,0.132,Snack Foods,120.83,OUT001,1987,High,Tier 2,Supermarket Type1,2322.64
FD6027,13.92,Low Sugar,0.099,Fruits and Vegetables,116.89,OUT004,2009,Medium,Tier 2,Supermarket Type2,3123.19
FD2691,11.98,Low Sugar,0.014,Snack Foods,166.73,OUT004,2009,Medium,Tier 2,Supermarket Type2,3703.68
FD1230,10.4,Low Sugar,0.059,Fruits and Vegetables,137.67,OUT004,2009,Medium,Tier 2,Supermarket Type2,2752.13
FD1998,11.72,Regular,0.054,Frozen Foods,121.49,OUT004,2009,Medium,Tier 2,Supermarket Type2,2718.95
DR5537,10.95,Low Sugar,0.061,Soft Drinks,110.82,OUT001,1987,High,Tier 2,Supermarket Type1,2327.71
FD3363,13.6,Low Sugar,0.035,Breakfast,158.01,OUT004,2009,Medium,Tier 2,Supermarket Type2,3892.16
NC5659,12.77,No Sugar,0.021,Health and Hygiene,215.52,OUT001,1987,High,Tier 2,Supermarket Type1,4880.15
FD8279,12.95,Regular,0.032,Breakfast,106.82,OUT004,2009,Medium,Tier 2,Supermarket Type2,2698.74
FD5489,11.42,Low Sugar,0.081,Fruits and Vegetables,163.88,OUT004,2009,Medium,Tier 2,Supermarket Type2,3520.32
NC6881,10.74,No Sugar,0.011,Health and Hygiene,113.12,OUT001,1987,High,Tier 2,Supermarket Type1,2327.1
DR898,13.43,Low Sugar,0.081,Soft Drinks,231.07,OUT003,1999,Medium,Tier 1,Departmental Store,5349.26
FD199,11.47,Regular,0.047,Dairy,130.27,OUT004,2009,Medium,Tier 2,Supermarket Type2,1979.46
FD110,15.13,Low Sugar,0.099,Meat,148.98,OUT001,1987,High,Tier 2,Supermarket Type1,4914.05
FD5993,14.07,Low Sugar,0.041,Baking Goods,181.33,OUT003,1999,Medium,Tier 1,Departmental Store,4475.39
DR1690,11.81,Low Sugar,0.1,Soft Drinks,180.62,OUT004,2009,Medium,Tier 2,Supermarket Type2,3950.16
FD4718,14.17,Low Sugar,0.074,Fruits and Vegetables,155.33,OUT004,2009,Medium,Tier 2,Supermarket Type2,3966.44
NC5610,13.49,No Sugar,0.074,Others,93.44,OUT004,2009,Medium,Tier 2,Supermarket Type2,2546.18
FD6849,10.29,Regular,0.088,Fruits and Vegetables,99.94,OUT002,1998,Small,Tier 3,Food Mart,1955.97
FD8463,11.32,Low Sugar,0.079,Starchy Foods,123.82,OUT004,2009,Medium,Tier 2,Supermarket Type2,2676.7
FD5723,13.79,Low Sugar,0.118,Dairy,125.94,OUT004,2009,Medium,Tier 2,Supermarket Type2,3277.81
FD5401,10.98,Regular,0.045,Baking Goods,59.3,OUT002,1998,Small,Tier 3,Food Mart,1280.99
FD830,16.18,Low Sugar,0.022,Frozen Foods,197.04,OUT003,1999,Medium,Tier 1,Departmental Store,5273.53
NC7943,10.9,No Sugar,0.067,Household,178.42,OUT004,2009,Medium,Tier 2,Supermarket Type2,3698.71
FD7988,13.16,Regular,0.024,Meat,171.08,OUT001,1987,High,Tier 2,Supermarket Type1,4060.53
NC6390,9.34,No Sugar,0.019,Household,143.34,OUT004,2009,Medium,Tier 2,Supermarket Type2,2628.63
NC3503,12.59,No Sugar,0.026,Household,142.45,OUT004,2009,Medium,Tier 2,Supermarket Type2,3345.89
FD4912,11.46,Low Sugar,0.03,Fruits and Vegetables,154.19,OUT004,2009,Medium,Tier 2,Supermarket Type2,3331.33
FD3553,11.37,Low Sugar,0.079,Snack Foods,108.22,OUT001,1987,High,Tier 2,Supermarket Type1,2368.69
NC739,13.46,No Sugar,0.011,Household,133.21,OUT004,2009,Medium,Tier 2,Supermarket Type2,3352.49
FD2367,14.27,Regular,0.121,Snack Foods,163.9,OUT001,1987,High,Tier 2,Supermarket Type1,4163.04
FD1580,13.06,Low Sugar,0.009,Snack Foods,156.35,OUT004,2009,Medium,Tier 2,Supermarket Type2,3735.19
NC8094,11.23,No Sugar,0.065,Health and Hygiene,175.35,OUT004,2009,Medium,Tier 2,Supermarket Type2,3710.49
FD1417,15.06,Low Sugar,0.072,Meat,156.09,OUT001,1987,High,Tier 2,Supermarket Type1,4182.62
FD321,15.12,Low Sugar,0.143,Fruits and Vegetables,132.98,OUT004,2009,Medium,Tier 2,Supermarket Type2,2562.14
FD2532,11.41,Low Sugar,0.128,Fruits and Vegetables,165.99,OUT004,2009,Medium,Tier 2,Supermarket Type2,3559.26
FD5846,15.56,Low Sugar,0.036,Frozen Foods,193.44,OUT003,1999,Medium,Tier 1,Departmental Store,5059.8
NC6101,14.56,No Sugar,0.025,Household,134.52,OUT004,2009,Medium,Tier 2,Supermarket Type2,3628.13
FD215,11.72,Low Sugar,0.023,Dairy,169.4,OUT004,2009,Medium,Tier 2,Supermarket Type2,3984.14
FD5475,15.6,Low Sugar,0.128,Meat,142.9,OUT001,1987,High,Tier 2,Supermarket Type1,4034.74
FD3302,16.14,Regular,0.028,Fruits and Vegetables,129.92,OUT004,2009,Medium,Tier 2,Supermarket Type2,3891.48
FD2167,7.66,Regular,0.04,Breads,93.85,OUT002,1998,Small,Tier 3,Food Mart,1235.63
DR586,14.49,Low Sugar,0.061,Soft Drinks,161.24,OUT001,1987,High,Tier 2,Supermarket Type1,2910.78
FD4013,15.79,Low Sugar,0.073,Fruits and Vegetables,181.99,OUT001,1987,High,Tier 2,Supermarket Type1,4878.66
FD1309,13.27,Low Sugar,0.116,Snack Foods,158.91,OUT004,2009,Medium,Tier 2,Supermarket Type2,3836.59
FD4131,16.97,Regular,0.057,Baking Goods,155.79,OUT001,1987,High,Tier 2,Supermarket Type1,4609.26
FD2361,10.63,Regular,0.061,Snack Foods,120.25,OUT001,1987,High,Tier 2,Supermarket Type1,2447.73
NC4067,10.29,No Sugar,0.041,Others,154.53,OUT004,2009,Medium,Tier 2,Supermarket Type2,3073.21
FD6354,10.72,Low Sugar,0.006,Frozen Foods,143.19,OUT004,2009,Medium,Tier 2,Supermarket Type2,2937.08
FD5509,12.99,Low Sugar,0.083,Fruits and Vegetables,113.91,OUT004,2009,Medium,Tier 2,Supermarket Type2,2851.45
NC4605,17.45,No Sugar,0.097,Others,195.34,OUT003,1999,Medium,Tier 1,Departmental Store,5525.34
FD2633,13.45,Regular,0.087,Fruits and Vegetables,75.23,OUT002,1998,Small,Tier 3,Food Mart,2164.56
FD2829,16.41,Regular,0.126,Frozen Foods,166.61,OUT001,1987,High,Tier 2,Supermarket Type1,4702.07
FD4276,15.7,Low Sugar,0.015,Snack Foods,163.16,OUT003,1999,Medium,Tier 1,Departmental Store,4471.91
FD955,14.76,Low Sugar,0.068,Frozen Foods,156.69,OUT001,1987,High,Tier 2,Supermarket Type1,4127.71
FD4897,12.16,Low Sugar,0.152,Dairy,148.14,OUT004,2009,Medium,Tier 2,Supermarket Type2,3365.46
FD1766,14.39,reg,0.01,Frozen Foods,175.47,OUT003,1999,Medium,Tier 1,Departmental Store,4428.16
FD4608,12.22,Regular,0.082,Frozen Foods,172.53,OUT004,2009,Medium,Tier 2,Supermarket Type2,3877.11
FD7340,13.42,Regular,0.154,Frozen Foods,166.81,OUT001,1987,High,Tier 2,Supermarket Type1,4032.41
NC5579,12.66,No Sugar,0.058,Household,145.17,OUT004,2009,Medium,Tier 2,Supermarket Type2,3416.53
FD2409,17.38,Regular,0.164,Starchy Foods,150.7,OUT001,1987,High,Tier 2,Supermarket Type1,4597.68
FD1856,13.48,Low Sugar,0.02,Frozen Foods,184.19,OUT003,1999,Medium,Tier 1,Departmental Store,4400.99
FD1652,11.84,Low Sugar,0.081,Canned,160.24,OUT004,2009,Medium,Tier 2,Supermarket Type2,3539.38
NC5834,14.99,No Sugar,0.058,Household,161.5,OUT003,1999,Medium,Tier 1,Departmental Store,4276.78
FD79,12.25,Low Sugar,0.074,Canned,127.29,OUT004,2009,Medium,Tier 2,Supermarket Type2,4462.82
FD758,12.68,Low Sugar,0.077,Meat,144.66,OUT004,2009,Medium,Tier 2,Supermarket Type2,3410.74
FD4303,13.67,Regular,0.036,Frozen Foods,134.98,OUT004,2009,Medium,Tier 2,Supermarket Type2,3437.5
FD1793,16.45,Low Sugar,0.052,Meat,173.16,OUT003,1999,Medium,Tier 1,Departmental Store,4846.35
FD8353,12.63,Regular,0.009,Canned,142.0,OUT004,2009,Medium,Tier 2,Supermarket Type2,3345.32
FD5608,13.43,Low Sugar,0.037,Snack Foods,200.69,OUT001,1987,High,Tier 2,Supermarket Type1,4726.9
DR7350,14.46,Low Sugar,0.038,Hard Drinks,129.92,OUT004,2009,Medium,Tier 2,Supermarket Type2,3510.88
FD7903,11.75,Regular,0.043,Meat,105.44,OUT001,1987,High,Tier 2,Supermarket Type1,2397.77
FD3240,12.58,Regular,0.006,Meat,182.69,OUT001,1987,High,Tier 2,Supermarket Type1,4166.31
FD3078,13.36,Regular,0.018,Baking Goods,123.99,OUT004,2009,Medium,Tier 2,Supermarket Type2,3141.35
FD2251,11.99,Low Sugar,0.094,Fruits and Vegetables,125.16,OUT004,2009,Medium,Tier 2,Supermarket Type2,2856.48
FD3772,13.62,Low Sugar,0.036,Fruits and Vegetables,196.11,OUT001,1987,High,Tier 2,Supermarket Type1,4676.22
DR3683,13.92,Regular,0.024,Soft Drinks,132.01,OUT004,2009,Medium,Tier 2,Supermarket Type2,3433.38
NC7910,9.79,No Sugar,0.088,Household,176.71,OUT004,2009,Medium,Tier 2,Supermarket Type2,3412.52
FD8187,13.39,Regular,0.028,Frozen Foods,188.49,OUT003,1999,Medium,Tier 1,Departmental Store,4469.12
FD8418,12.98,Regular,0.055,Meat,167.99,OUT004,2009,Medium,Tier 2,Supermarket Type2,3955.81
FD6994,16.67,Regular,0.033,Fruits and Vegetables,233.57,OUT003,1999,Medium,Tier 1,Departmental Store,6132.54
FD2666,12.65,Low Sugar,0.104,Breakfast,124.21,OUT004,2009,Medium,Tier 2,Supermarket Type2,2986.19
FD1029,15.62,Low Sugar,0.102,Snack Foods,200.97,OUT003,1999,Medium,Tier 1,Departmental Store,5226.64
NC1320,8.62,No Sugar,0.049,Health and Hygiene,141.9,OUT001,1987,High,Tier 2,Supermarket Type1,2436.2
FD2289,15.53,Low Sugar,0.024,Baking Goods,184.27,OUT001,1987,High,Tier 2,Supermarket Type1,4866.29
NC1355,13.8,No Sugar,0.014,Health and Hygiene,129.59,OUT004,2009,Medium,Tier 2,Supermarket Type2,3355.85
FD3417,9.87,Low Sugar,0.03,Snack Foods,89.57,OUT002,1998,Small,Tier 3,Food Mart,1648.78
FD3076,18.0,Regular,0.095,Baking Goods,233.52,OUT003,1999,Medium,Tier 1,Departmental Store,6432.28
FD5710,11.99,Low Sugar,0.049,Breads,121.01,OUT004,2009,Medium,Tier 2,Supermarket Type2,2770.65
FD5493,11.48,Low Sugar,0.014,Fruits and Vegetables,136.32,OUT004,2009,Medium,Tier 2,Supermarket Type2,2968.65
FD4832,13.4,Low Sugar,0.097,Frozen Foods,150.69,OUT004,2009,Medium,Tier 2,Supermarket Type2,3697.0
FD2997,9.08,Low Sugar,0.085,Baking Goods,150.86,OUT004,2009,Medium,Tier 2,Supermarket Type2,2723.52
FD8508,12.05,Low Sugar,0.032,Dairy,131.9,OUT004,2009,Medium,Tier 2,Supermarket Type2,3006.57
NC2433,14.84,No Sugar,0.11,Household,167.73,OUT003,1999,Medium,Tier 1,Departmental Store,4371.59
DR8728,7.85,Low Sugar,0.017,Soft Drinks,78.26,OUT002,1998,Small,Tier 3,Food Mart,960.36
FD1717,14.54,Low Sugar,0.1,Meat,176.71,OUT003,1999,Medium,Tier 1,Departmental Store,4487.34
FD6967,14.68,Regular,0.143,Fruits and Vegetables,145.32,OUT004,2009,Medium,Tier 2,Supermarket Type2,3876.17
FD3005,10.37,Regular,0.112,Meat,118.19,OUT001,1987,High,Tier 2,Supermarket Type1,2347.68
FD8152,11.09,Low Sugar,0.123,Snack Foods,80.12,OUT002,1998,Small,Tier 3,Food Mart,1730.86
FD5124,10.15,Low Sugar,0.108,Baking Goods,131.3,OUT004,2009,Medium,Tier 2,Supermarket Type2,2564.81
FD7579,11.88,Low Sugar,0.01,Fruits and Vegetables,128.98,OUT004,2009,Medium,Tier 2,Supermarket Type2,2910.11
FD7874,14.43,Low Sugar,0.012,Frozen Foods,147.86,OUT004,2009,Medium,Tier 2,Supermarket Type2,3871.21
FD5114,11.67,Regular,0.157,Canned,140.96,OUT004,2009,Medium,Tier 2,Supermarket Type2,3107.44
FD2234,15.52,Low Sugar,0.053,Canned,173.65,OUT001,1987,High,Tier 2,Supermarket Type1,4646.17
FD3569,12.08,Low Sugar,0.061,Frozen Foods,153.26,OUT004,2009,Medium,Tier 2,Supermarket Type2,3452.34
FD3197,11.92,Regular,0.021,Breads,120.9,OUT004,2009,Medium,Tier 2,Supermarket Type2,2753.15
FD4696,15.98,Low Sugar,0.078,Breads,155.92,OUT003,1999,Medium,Tier 1,Departmental Store,4386.45
FD2761,12.46,Regular,0.035,Meat,148.49,OUT004,2009,Medium,Tier 2,Supermarket Type2,3438.81
DR1467,12.58,Low Sugar,0.12,Soft Drinks,141.38,OUT004,2009,Medium,Tier 2,Supermarket Type2,3320.87
DR5682,13.11,Low Sugar,0.068,Hard Drinks,162.07,OUT004,2009,Medium,Tier 2,Supermarket Type2,3863.85
FD4913,13.01,Low Sugar,0.14,Meat,141.23,OUT004,2009,Medium,Tier 2,Supermarket Type2,3415.63
FD5558,7.39,Low Sugar,0.012,Fruits and Vegetables,113.4,OUT002,1998,Small,Tier 3,Food Mart,1576.61
FD2147,14.5,Regular,0.046,Snack Foods,165.21,OUT003,1999,Medium,Tier 1,Departmental Store,4241.82
FD7152,13.08,Low Sugar,0.096,Frozen Foods,162.83,OUT004,2009,Medium,Tier 2,Supermarket Type2,3873.37
FD7699,12.45,Regular,0.03,Snack Foods,137.85,OUT004,2009,Medium,Tier 2,Supermarket Type2,3220.32
FD1416,10.56,Low Sugar,0.097,Breads,156.97,OUT004,2009,Medium,Tier 2,Supermarket Type2,3183.71
FD8101,14.3,Low Sugar,0.02,Dairy,126.68,OUT004,2009,Medium,Tier 2,Supermarket Type2,3409.6
FD5788,11.62,reg,0.054,Canned,136.42,OUT004,2009,Medium,Tier 2,Supermarket Type2,3001.97
NC6211,14.22,No Sugar,0.098,Health and Hygiene,129.29,OUT004,2009,Medium,Tier 2,Supermarket Type2,3443.99
FD1193,10.54,Regular,0.033,Meat,158.75,OUT004,2009,Medium,Tier 2,Supermarket Type2,3215.21
FD2145,9.08,Low Sugar,0.054,Dairy,145.76,OUT004,2009,Medium,Tier 2,Supermarket Type2,2620.42
FD4297,14.25,Low Sugar,0.027,Fruits and Vegetables,148.87,OUT004,2009,Medium,Tier 2,Supermarket Type2,3851.02
NC365,12.35,No Sugar,0.025,Health and Hygiene,151.39,OUT004,2009,Medium,Tier 2,Supermarket Type2,5119.47
FD8304,13.22,Low Sugar,0.164,Snack Foods,123.76,OUT004,2009,Medium,Tier 2,Supermarket Type2,3105.09
DR7895,11.78,Low Sugar,0.174,Soft Drinks,96.9,OUT002,1998,Small,Tier 3,Food Mart,2229.27
FD4607,11.29,Low Sugar,0.029,Meat,151.79,OUT004,2009,Medium,Tier 2,Supermarket Type2,3242.31
FD3281,8.0,Low Sugar,0.009,Fruits and Vegetables,105.61,OUT002,1998,Small,Tier 3,Food Mart,1554.62
FD3602,14.07,Low Sugar,0.046,Dairy,199.61,OUT001,1987,High,Tier 2,Supermarket Type1,4848.94
FD6206,8.52,Low Sugar,0.055,Meat,105.69,OUT002,1998,Small,Tier 3,Food Mart,1672.61
DR3220,11.91,Low Sugar,0.127,Hard Drinks,159.0,OUT004,2009,Medium,Tier 2,Supermarket Type2,3529.48
FD4080,13.58,Regular,0.045,Snack Foods,147.02,OUT004,2009,Medium,Tier 2,Supermarket Type2,3662.57
FD5687,12.01,Regular,0.077,Fruits and Vegetables,142.55,OUT004,2009,Medium,Tier 2,Supermarket Type2,3216.78
FD5868,14.3,Low Sugar,0.076,Dairy,159.21,OUT001,1987,High,Tier 2,Supermarket Type1,4074.0
FD5405,14.04,Low Sugar,0.058,Canned,120.97,OUT004,2009,Medium,Tier 2,Supermarket Type2,3234.27
DR6286,9.37,Low Sugar,0.049,Soft Drinks,94.63,OUT002,1998,Small,Tier 3,Food Mart,1638.08
DR1566,10.47,Low Sugar,0.125,Soft Drinks,139.07,OUT004,2009,Medium,Tier 2,Supermarket Type2,2797.75
NC5779,10.8,No Sugar,0.07,Health and Hygiene,135.13,OUT004,2009,Medium,Tier 2,Supermarket Type2,2790.07
NC900,13.05,No Sugar,0.048,Household,117.79,OUT004,2009,Medium,Tier 2,Supermarket Type2,2944.58
FD4438,12.31,Low Sugar,0.05,Dairy,139.57,OUT004,2009,Medium,Tier 2,Supermarket Type2,3223.9
FD2635,12.56,reg,0.066,Frozen Foods,146.26,OUT004,2009,Medium,Tier 2,Supermarket Type2,3415.96
FD5330,14.29,Regular,0.124,Fruits and Vegetables,201.74,OUT001,1987,High,Tier 2,Supermarket Type1,4943.48
FD6115,11.64,Low Sugar,0.056,Fruits and Vegetables,71.59,OUT002,1998,Small,Tier 3,Food Mart,1680.56
FD5863,12.49,Regular,0.077,Fruits and Vegetables,138.54,OUT004,2009,Medium,Tier 2,Supermarket Type2,3243.32
FD8445,13.05,Regular,0.014,Frozen Foods,169.41,OUT001,1987,High,Tier 2,Supermarket Type1,4001.06
NC7445,15.82,No Sugar,0.016,Household,155.22,OUT003,1999,Medium,Tier 1,Departmental Store,4336.55
FD2061,13.56,Low Sugar,0.027,Frozen Foods,151.12,OUT004,2009,Medium,Tier 2,Supermarket Type2,3741.07
NC3879,14.39,No Sugar,0.074,Household,83.04,OUT004,2009,Medium,Tier 2,Supermarket Type2,2536.72
FD4219,8.07,Low Sugar,0.016,Fruits and Vegetables,160.89,OUT004,2009,Medium,Tier 2,Supermarket Type2,2701.45
FD7420,13.52,Regular,0.093,Snack Foods,197.19,OUT001,1987,High,Tier 2,Supermarket Type1,4674.53
FD5698,15.61,Low Sugar,0.122,Fruits and Vegetables,141.69,OUT001,1987,High,Tier 2,Supermarket Type1,4011.6
FD4751,12.63,Regular,0.046,Canned,110.82,OUT004,2009,Medium,Tier 2,Supermarket Type2,2706.22
FD2164,10.69,Low Sugar,0.033,Dairy,152.95,OUT004,2009,Medium,Tier 2,Supermarket Type2,3130.17
FD182,7.99,Low Sugar,0.033,Fruits and Vegetables,86.79,OUT001,1987,High,Tier 2,Supermarket Type1,2915.49
FD2113,12.4,Low Sugar,0.122,Dairy,106.15,OUT004,2009,Medium,Tier 2,Supermarket Type2,2559.42
FD8607,11.53,Low Sugar,0.056,Fruits and Vegetables,126.87,OUT004,2009,Medium,Tier 2,Supermarket Type2,2787.29
FD5376,15.07,Low Sugar,0.089,Seafood,180.86,OUT001,1987,High,Tier 2,Supermarket Type1,4692.82
NC7089,10.65,No Sugar,0.039,Health and Hygiene,123.03,OUT004,2009,Medium,Tier 2,Supermarket Type2,2509.09
FD1026,13.31,Low Sugar,0.053,Baking Goods,168.1,OUT001,1987,High,Tier 2,Supermarket Type1,4032.14
FD4749,14.06,Low Sugar,0.083,Snack Foods,143.26,OUT004,2009,Medium,Tier 2,Supermarket Type2,3694.94
FD2842,16.34,Regular,0.055,Canned,141.81,OUT001,1987,High,Tier 2,Supermarket Type1,4179.16
FD3055,9.01,Regular,0.099,Fruits and Vegetables,53.86,OUT002,1998,Small,Tier 3,Food Mart,723.24
FD1612,12.1,reg,0.009,Fruits and Vegetables,125.98,OUT004,2009,Medium,Tier 2,Supermarket Type2,2897.77
FD7713,9.46,Regular,0.119,Baking Goods,73.87,OUT002,1998,Small,Tier 3,Food Mart,1234.6
FD3978,8.04,Low Sugar,0.013,Dairy,108.38,OUT002,1998,Small,Tier 3,Food Mart,1620.7
NC6437,13.01,No Sugar,0.054,Household,144.54,OUT004,2009,Medium,Tier 2,Supermarket Type2,3482.54
FD289,9.45,Low Sugar,0.094,Canned,162.28,OUT002,1998,Small,Tier 3,Food Mart,563.06
DR4163,13.32,Low Sugar,0.046,Soft Drinks,111.12,OUT004,2009,Medium,Tier 2,Supermarket Type2,2868.74
FD8286,11.79,Low Sugar,0.144,Fruits and Vegetables,145.5,OUT004,2009,Medium,Tier 2,Supermarket Type2,3226.73
FD4300,11.19,Regular,0.084,Fruits and Vegetables,141.67,OUT004,2009,Medium,Tier 2,Supermarket Type2,3013.38
DR3952,9.52,Regular,0.125,Soft Drinks,145.51,OUT004,2009,Medium,Tier 2,Supermarket Type2,2714.62
FD1572,16.63,Regular,0.041,Frozen Foods,177.57,OUT003,1999,Medium,Tier 1,Departmental Store,4977.29
FD6499,10.45,Low Sugar,0.058,Baking Goods,138.45,OUT004,2009,Medium,Tier 2,Supermarket Type2,2779.67
FD3438,13.48,Regular,0.092,Snack Foods,107.02,OUT004,2009,Medium,Tier 2,Supermarket Type2,2822.62
FD2047,12.03,Low Sugar,0.128,Snack Foods,166.1,OUT004,2009,Medium,Tier 2,Supermarket Type2,3702.58
FD3461,13.25,Regular,0.077,Canned,127.02,OUT004,2009,Medium,Tier 2,Supermarket Type2,3179.38
FD674,10.42,Regular,0.027,Dairy,168.04,OUT004,2009,Medium,Tier 2,Supermarket Type2,3377.56
FD2399,10.66,Low Sugar,0.049,Fruits and Vegetables,129.8,OUT004,2009,Medium,Tier 2,Supermarket Type2,2650.48
FD6805,12.06,Low Sugar,0.014,Meat,130.85,OUT004,2009,Medium,Tier 2,Supermarket Type2,2987.85
FD2539,12.21,Low Sugar,0.129,Fruits and Vegetables,142.19,OUT004,2009,Medium,Tier 2,Supermarket Type2,3254.38
NC7372,14.12,No Sugar,0.059,Others,148.13,OUT004,2009,Medium,Tier 2,Supermarket Type2,3808.19
FD1175,16.32,Low Sugar,0.033,Snack Foods,173.95,OUT001,1987,High,Tier 2,Supermarket Type1,4833.88
FD1767,12.7,Low Sugar,0.038,Fruits and Vegetables,170.48,OUT004,2009,Medium,Tier 2,Supermarket Type2,3944.7
NC1208,14.49,No Sugar,0.042,Household,194.46,OUT001,1987,High,Tier 2,Supermarket Type1,4839.18
FD6023,9.65,Low Sugar,0.06,Dairy,109.18,OUT002,1998,Small,Tier 3,Food Mart,2001.26
FD1850,12.62,Low Sugar,0.007,Starchy Foods,181.96,OUT001,1987,High,Tier 2,Supermarket Type1,4159.59
FD6804,13.77,Low Sugar,0.065,Dairy,186.41,OUT001,1987,High,Tier 2,Supermarket Type1,4512.26
FD293,12.41,Regular,0.031,Fruits and Vegetables,165.23,OUT003,1999,Medium,Tier 1,Departmental Store,5738.77
FD3977,15.97,Low Sugar,0.015,Snack Foods,155.56,OUT003,1999,Medium,Tier 1,Departmental Store,4376.99
FD8710,11.71,Low Sugar,0.031,Dairy,143.47,OUT004,2009,Medium,Tier 2,Supermarket Type2,3167.46
NC2208,13.46,No Sugar,0.08,Household,148.75,OUT004,2009,Medium,Tier 2,Supermarket Type2,3670.67
FD6,14.64,Low Sugar,0.093,Canned,179.36,OUT003,1999,Medium,Tier 1,Departmental Store,6410.07
DR4561,13.89,Low Sugar,0.064,Soft Drinks,123.74,OUT004,2009,Medium,Tier 2,Supermarket Type2,3255.41
NC123,12.56,No Sugar,0.057,Health and Hygiene,180.23,OUT003,1999,Medium,Tier 1,Departmental Store,4450.63
FD4876,9.52,Low Sugar,0.022,Baking Goods,154.55,OUT004,2009,Medium,Tier 2,Supermarket Type2,2899.65
FD3976,12.39,Low Sugar,0.114,Frozen Foods,175.47,OUT004,2009,Medium,Tier 2,Supermarket Type2,3975.65
FD1084,11.81,Low Sugar,0.188,Fruits and Vegetables,109.81,OUT004,2009,Medium,Tier 2,Supermarket Type2,2500.51
DR3159,17.97,Low Sugar,0.049,Hard Drinks,204.44,OUT003,1999,Medium,Tier 1,Departmental Store,5830.62
DR5630,11.33,Low Sugar,0.141,Soft Drinks,158.86,OUT004,2009,Medium,Tier 2,Supermarket Type2,3396.98
FD3549,10.68,Low Sugar,0.017,Canned,96.41,OUT002,1998,Small,Tier 3,Food Mart,1970.82
FD5553,10.05,Low Sugar,0.167,Snack Foods,123.55,OUT001,1987,High,Tier 2,Supermarket Type1,2385.41
FD3709,15.6,Regular,0.175,Frozen Foods,206.47,OUT003,1999,Medium,Tier 1,Departmental Store,5335.0
FD5491,21.04,Regular,0.04,Starchy Foods,158.86,OUT003,1999,Medium,Tier 1,Departmental Store,5591.41
NC6856,9.72,No Sugar,0.022,Household,112.11,OUT002,1998,Small,Tier 3,Food Mart,2075.82
FD1021,8.25,Regular,0.031,Dairy,119.55,OUT002,1998,Small,Tier 3,Food Mart,1894.93
FD7081,8.99,Regular,0.041,Starchy Foods,101.94,OUT002,1998,Small,Tier 3,Food Mart,1702.62
FD6636,9.95,Low Sugar,0.034,Snack Foods,149.98,OUT004,2009,Medium,Tier 2,Supermarket Type2,2903.05
FD2057,12.79,Low Sugar,0.036,Snack Foods,145.74,OUT004,2009,Medium,Tier 2,Supermarket Type2,3457.71
NC6557,13.02,No Sugar,0.09,Household,149.58,OUT004,2009,Medium,Tier 2,Supermarket Type2,3588.46
FD6285,13.54,reg,0.031,Frozen Foods,190.24,OUT001,1987,High,Tier 2,Supermarket Type1,4538.83
FD6652,8.12,Regular,0.038,Meat,167.21,OUT004,2009,Medium,Tier 2,Supermarket Type2,2842.08
DR587,13.15,Low Sugar,0.14,Soft Drinks,151.01,OUT004,2009,Medium,Tier 2,Supermarket Type2,4117.96
FD3001,10.63,Low Sugar,0.027,Dairy,121.9,OUT001,1987,High,Tier 2,Supermarket Type1,2483.01
FD4916,14.11,Low Sugar,0.079,Baking Goods,171.77,OUT003,1999,Medium,Tier 1,Departmental Store,4289.23
FD7450,15.28,Regular,0.036,Dairy,155.96,OUT003,1999,Medium,Tier 1,Departmental Store,4230.65
FD3486,12.56,Regular,0.019,Canned,185.11,OUT003,1999,Medium,Tier 1,Departmental Store,4210.57
DR5197,13.69,Low Sugar,0.171,Soft Drinks,175.92,OUT003,1999,Medium,Tier 1,Departmental Store,4279.81
FD7994,15.15,Low Sugar,0.099,Breads,185.73,OUT001,1987,High,Tier 2,Supermarket Type1,4808.46
FD5907,9.91,Regular,0.044,Canned,136.33,OUT004,2009,Medium,Tier 2,Supermarket Type2,2615.44
FD8131,13.24,Regular,0.046,Meat,192.96,OUT001,1987,High,Tier 2,Supermarket Type1,4524.86
FD1518,13.3,Regular,0.009,Fruits and Vegetables,158.76,OUT004,2009,Medium,Tier 2,Supermarket Type2,3839.6
FD1948,7.11,Low Sugar,0.065,Frozen Foods,96.54,OUT002,1998,Small,Tier 3,Food Mart,1167.43
FD7111,13.28,Regular,0.104,Fruits and Vegetables,143.17,OUT004,2009,Medium,Tier 2,Supermarket Type2,3515.13
FD334,14.5,Low Sugar,0.122,Canned,167.28,OUT002,1998,Small,Tier 3,Food Mart,1526.43
FD1332,9.02,Low Sugar,0.108,Snack Foods,106.93,OUT002,1998,Small,Tier 3,Food Mart,1812.78
FD352,13.57,Low Sugar,0.091,Frozen Foods,201.17,OUT002,1998,Small,Tier 3,Food Mart,2290.59
FD5624,12.54,Low Sugar,0.066,Fruits and Vegetables,124.0,OUT004,2009,Medium,Tier 2,Supermarket Type2,2956.35
DR4460,11.46,Low Sugar,0.067,Soft Drinks,146.59,OUT004,2009,Medium,Tier 2,Supermarket Type2,3174.28
NC3490,14.35,No Sugar,0.033,Health and Hygiene,172.76,OUT003,1999,Medium,Tier 1,Departmental Store,4363.58
FD3209,13.59,reg,0.039,Canned,133.49,OUT004,2009,Medium,Tier 2,Supermarket Type2,3388.09
NC2713,11.94,No Sugar,0.048,Household,162.52,OUT004,2009,Medium,Tier 2,Supermarket Type2,3608.59
FD5732,11.08,Low Sugar,0.125,Frozen Foods,95.69,OUT002,1998,Small,Tier 3,Food Mart,2046.23
FD6144,12.5,Low Sugar,0.03,Baking Goods,155.12,OUT004,2009,Medium,Tier 2,Supermarket Type2,3583.24
FD2946,14.54,Low Sugar,0.13,Meat,167.58,OUT003,1999,Medium,Tier 1,Departmental Store,4300.82
NC7084,12.46,No Sugar,0.053,Others,155.15,OUT004,2009,Medium,Tier 2,Supermarket Type2,3575.15
FD6528,11.16,Low Sugar,0.024,Snack Foods,136.88,OUT004,2009,Medium,Tier 2,Supermarket Type2,2908.52
FD3039,14.14,Low Sugar,0.021,Canned,155.28,OUT004,2009,Medium,Tier 2,Supermarket Type2,3957.39
FD1714,17.72,Low Sugar,0.018,Frozen Foods,147.71,OUT001,1987,High,Tier 2,Supermarket Type1,4612.6
FD127,14.76,Low Sugar,0.253,Baking Goods,185.7,OUT001,1987,High,Tier 2,Supermarket Type1,3754.43
FD6135,12.63,Low Sugar,0.039,Breads,124.77,OUT004,2009,Medium,Tier 2,Supermarket Type2,2991.53
FD6403,8.55,Low Sugar,0.057,Fruits and Vegetables,155.26,OUT004,2009,Medium,Tier 2,Supermarket Type2,2695.41
FD666,15.49,Low Sugar,0.118,Fruits and Vegetables,124.26,OUT004,2009,Medium,Tier 2,Supermarket Type2,3628.52
